{
  "eye": {
    "orientation": [
      -0.24415183067321777,
      -0.4864675998687744,
      -0.8338931798934937,
      0.09144080430269241
    ],
    "magnitude": 1,
    "position": [
      0,
      0,
      0.9998779296875
    ]
  },
  "radius": 2217.025146484375,
  "type": "PERSPECTIVE"
}