{
  "eye": {
    "orientation": [
      0.2768910229206085,
      -0.7659394145011902,
      0.12437863647937775,
      0.5667433738708496
    ],
    "magnitude": 1,
    "position": [
      0,
      326.7868347167969,
      108.08987426757812
    ]
  },
  "radius": 1108.5125732421875,
  "type": "PERSPECTIVE"
}