{
  "eye": {
    "orientation": [
      -0.46941936016082764,
      -0.05575262010097504,
      0.39136621356010437,
      -0.7895376086235046
    ],
    "magnitude": 0.5773502588272095,
    "position": [
      81.97894287109375,
      -929.65771484375,
      1746.7027587890625
    ]
  },
  "radius": 1000,
  "type": "PERSPECTIVE"
}