{
  "eye": {
    "orientation": [
      -0.2347942739725113,
      -0.7535673379898071,
      -0.3513942062854767,
      0.5035178065299988
    ],
    "magnitude": 1,
    "position": [
      475.4254455566406,
      529.3770751953125,
      379.32086181640625
    ]
  },
  "radius": 2217.025146484375,
  "type": "PERSPECTIVE"
}