{
  "eye": {
    "orientation": [
      0,
      0,
      0,
      1
    ],
    "magnitude": 0.5773502588272095,
    "position": [
      640,
      640,
      2857.025146484375
    ]
  },
  "radius": 1108.5125732421875,
  "type": "PERSPECTIVE"
}