{
  "eye": {
    "orientation": [
      -0.08867278695106506,
      -0.6161805391311646,
      -0.6329839825630188,
      0.4602064788341522
    ],
    "magnitude": 1,
    "position": [
      0,
      0,
      1.00048828125
    ]
  },
  "radius": 2217.025146484375,
  "type": "PERSPECTIVE"
}