{
  "eye": {
    "orientation": [
      -0.09308183193206787,
      -0.8256163001060486,
      0.3002520799636841,
      0.468553364276886
    ],
    "magnitude": 1,
    "position": [
      -290.61724853515625,
      -98.31439208984375,
      -126.96572875976562
    ]
  },
  "radius": 793.2212524414062,
  "type": "PERSPECTIVE"
}