{
  "eye": {
    "orientation": [
      -0.034116461873054504,
      0.7093769907951355,
      -0.018086930736899376,
      0.7037706971168518
    ],
    "magnitude": 0.5773502588272095,
    "position": [
      2225.98095703125,
      395.6837463378906,
      286.2464904785156
    ]
  },
  "radius": 793.2212524414062,
  "type": "PERSPECTIVE"
}